id,country,iso3,gwno,year,geo_id,geolocation,level,adm1,adm2,adm3,location,historical,hist_country,disastertype,disasterno,latitude,longitude
05-148,Chile,CHL,"155","2008","40355",Futaleufu,"3",Los Lagos,Palena,Futaleufu, Futaleufu towns ,"0",NA,volcanic activity,2008-0182,"-43.1838015","-72.05581241"
05-148,Chile,CHL,"155","2008","40356",Chaiten,"3",Los Lagos,Palena,Chaiten,Chaiten,"0",NA,volcanic activity,2008-0182,"-43.11771441","-72.57198144"
05-149,Chile,CHL,"155","2011","40358",Rio Bueno,"3",Los Rios,Ranco,Rio Bueno, Rio Bueno towns ,"0",NA,volcanic activity,2011-0209,"-40.54722381","-72.46937303"
05-149,Chile,CHL,"155","2011","40360",Lago Ranco,"3",Los Rios,Ranco,Lago Ranco, Lago Ranco,"0",NA,volcanic activity,2011-0209,"-40.38872882","-72.09593797"
05-149,Chile,CHL,"155","2011","40361",Futrono,"3",Los Rios,Ranco,Futrono,Futrono,"0",NA,volcanic activity,2011-0209,"-40.19283033","-72.15115045"
05-150,Chile,CHL,"155","2015","40364",Villarrica,"3",Araucania,Cautin,Villarrica,Vallarica,"0",NA,volcanic activity,2015-0143,"-39.42942608","-72.13881766"
05-150,Chile,CHL,"155","2015","40365",Curarrehue,"3",Araucania,Cautin,Curarrehue, Cararrehue municipalities,"0",NA,volcanic activity,2015-0143,"-39.32284983","-71.53784096"
05-150,Chile,CHL,"155","2015","40367",Temuco,"3",Araucania,Cautin,Temuco, Temuco town ,"0",NA,volcanic activity,2015-0143,"-38.76594155","-72.45180421"
05-150,Chile,CHL,"155","2015","40369",Pucon,"3",Araucania,Cautin,Pucon, Pucon,"0",NA,volcanic activity,2015-0143,"-39.21775253","-71.77059619"
05-273,Ecuador,ECU,"130","2015","40841",Pelileo,"3",Tungurahua,San Pedro De Pelileo,Pelileo,  Pelileo,"0",NA,volcanic activity,2015-0550,"-1.352592807","-78.52729492"
05-273,Ecuador,ECU,"130","2015","40842",Cotalo,"3",Tungurahua,San Pedro De Pelileo,Cotalo,Cotaló,"0",NA,volcanic activity,2015-0550,"-1.437412793","-78.50536916"
05-454,Indonesia,INS,"850","2004","41686",Tabukan Utara,"3",Sulawesi Utara,Kepulauan Sangihe,Tabukan Utara, Tabukan Utara sub-districts ,"0",NA,volcanic activity,2004-0251,"3.676827544","125.5086022"
05-454,Indonesia,INS,"850","2004","41687",Tahuna,"3",Sulawesi Utara,Kepulauan Sangihe,Tahuna,Tahuna,"0",NA,volcanic activity,2004-0251,"3.624971854","125.4836352"
05-454,Indonesia,INS,"850","2004","41688",Kendahe,"3",Sulawesi Utara,Kepulauan Sangihe,Kendahe, Kendahe,"0",NA,volcanic activity,2004-0251,"3.706613494","125.426205"
05-459,Indonesia,INS,"850","2007","41704",Ibu Selatan,"3",Maluku Utara,Halmahera Barat,Ibu Selatan,South Ibu sub-district ,"0",NA,volcanic activity,2007-0259,"1.357864234","127.563586"
05-482,Italy,ITA,"325","2001","41785",Nicolosi,"3",Sicily,Catania,Nicolosi,Nicolosi municipality ,"0",NA,volcanic activity,2001-0378,"37.6561584","15.01500363"
05-722,Peru,PER,"135","2006","42791",La Capilla,"3",Moquegua,General Sanchez Cerro,La Capilla, La Capilla,"0",NA,volcanic activity,2006-0213,"-16.82547788","-71.29444204"
05-722,Peru,PER,"135","2006","42793",Quinistaquillas,"3",Moquegua,General Sanchez Cerro,Quinistaquillas, Quinistaquillas municipalities ,"0",NA,volcanic activity,2006-0213,"-16.70387064","-70.87957766"
05-722,Peru,PER,"135","2006","42794",Matalaque,"3",Moquegua,General Sanchez Cerro,Matalaque, Matalaque,"0",NA,volcanic activity,2006-0213,"-16.52830239","-70.83691765"
05-722,Peru,PER,"135","2006","42795",Ubinas,"3",Moquegua,General Sanchez Cerro,Ubinas,Ubinas,"0",NA,volcanic activity,2006-0213,"-16.21712472","-70.80552682"
05-722,Peru,PER,"135","2006","42796",Coalaque,"3",Moquegua,General Sanchez Cerro,Coalaque, Coalaque,"0",NA,volcanic activity,2006-0213,"-16.57550597","-71.04637339"
05-722,Peru,PER,"135","2006","42797",Yunga,"3",Moquegua,General Sanchez Cerro,Yunga, Yunga,"0",NA,volcanic activity,2006-0213,"-16.22742308","-70.66038933"
05-722,Peru,PER,"135","2006","42798",Puquina,"3",Moquegua,General Sanchez Cerro,Puquina, Puquina,"0",NA,volcanic activity,2006-0213,"-16.62748631","-71.1584267"
05-722,Peru,PER,"135","2006","42800",Lloque,"3",Moquegua,General Sanchez Cerro,Lloque, Lloque,"0",NA,volcanic activity,2006-0213,"-16.30337308","-70.62741938"
05-722,Peru,PER,"135","2006","42802",Ichuna,"3",Moquegua,General Sanchez Cerro,Ichuna, Ichuna,"0",NA,volcanic activity,2006-0213,"-16.18790067","-70.49524337"
05-722,Peru,PER,"135","2006","42803",Omate,"3",Moquegua,General Sanchez Cerro,Omate, Omate,"0",NA,volcanic activity,2006-0213,"-16.64673479","-70.96303182"
05-722,Peru,PER,"135","2006","42804",Chojata,"3",Moquegua,General Sanchez Cerro,Chojata, Chojata,"0",NA,volcanic activity,2006-0213,"-16.45665948","-70.57178169"
05-150,Chile,CHL,"155","2015","40368",Valdivia,"2",Los Rios,Valdivia,NA, Conaripe municipality ,"0",NA,volcanic activity,2015-0143,"-39.87978634","-72.67173123"
05-151,Chile,CHL,"155","2015","40373",Llanquihue,"2",Los Lagos,Llanquihue,NA,Llanquihue district,"0",NA,volcanic activity,2015-0142,"-41.3937943","-72.77471673"
05-197,Colombia,COL,"100","1985","40527",Armero,"2",Tolima,Armero,NA,Armero,"0",NA,volcanic activity,1985-0132,"4.988725505","-74.88129848"
05-197,Colombia,COL,"100","1985","40528",Villahermosa,"2",Tolima,Villahermosa,NA, Villahermosa,"0",NA,volcanic activity,1985-0132,"4.942093627","-75.19033113"
05-197,Colombia,COL,"100","1985","40529",Libano,"2",Tolima,Libano,NA, Libano,"0",NA,volcanic activity,1985-0132,"4.835620991","-75.10833347"
05-197,Colombia,COL,"100","1985","40531",Herveo,"2",Tolima,Herveo,NA, Herveo,"0",NA,volcanic activity,1985-0132,"5.061576941","-75.26952664"
05-202,Colombia,COL,"100","2005","40539",Sandona,"2",Narino,Sandona,NA, Sandona,"0",NA,volcanic activity,2005-0731,"1.307223023","-77.48283191"
05-202,Colombia,COL,"100","2005","40540",Tangua,"2",Narino,Tangua,NA, Tangua,"0",NA,volcanic activity,2005-0731,"1.091902853","-77.38644999"
05-202,Colombia,COL,"100","2005","40541",Yacuanquer,"2",Narino,Yacuanquer,NA, Yacuanquer districts ,"0",NA,volcanic activity,2005-0731,"1.161120929","-77.44198564"
05-202,Colombia,COL,"100","2005","40543",Consaca,"2",Narino,Consaca,NA,Consacra,"0",NA,volcanic activity,2005-0731,"1.226516066","-77.47820092"
05-203,Colombia,COL,"100","2006","40544",La Florida,"2",Narino,La Florida,NA, La Florida districts ,"0",NA,volcanic activity,2006-0154,"1.356932801","-77.41270196"
05-204,Colombia,COL,"100","2006","40546",Sandona,"2",Narino,Sandona,NA, Sandona,"0",NA,volcanic activity,2006-0380,"1.307223023","-77.48283191"
05-204,Colombia,COL,"100","2006","40548",Ancuya,"2",Narino,Ancuya,NA, Ancuya,"0",NA,volcanic activity,2006-0380,"1.273410951","-77.56931131"
05-204,Colombia,COL,"100","2006","40549",La Florida,"2",Narino,La Florida,NA,La Florida,"0",NA,volcanic activity,2006-0380,"1.356932801","-77.41270196"
05-204,Colombia,COL,"100","2006","40550",Consaca,"2",Narino,Consaca,NA, Consaca districts ,"0",NA,volcanic activity,2006-0380,"1.226516066","-77.47820092"
05-205,Colombia,COL,"100","2007","40551",Caloto,"2",Cauca,Caloto,NA, Caloto district ,"0",NA,volcanic activity,2007-0150,"3.063190841","-76.39506008"
05-205,Colombia,COL,"100","2007","40553",Inza,"2",Cauca,Inza,NA,Inza district,"0",NA,volcanic activity,2007-0150,"2.514440918","-76.16673206"
05-206,Colombia,COL,"100","2008","40556",Consaca,"2",Narino,Consaca,NA, Consaca districts ,"0",NA,volcanic activity,2008-0027,"1.226516066","-77.47820092"
05-206,Colombia,COL,"100","2008","40557",Sandona,"2",Narino,Sandona,NA, Sandona,"0",NA,volcanic activity,2008-0027,"1.307223023","-77.48283191"
05-206,Colombia,COL,"100","2008","40558",Yacuanquer,"2",Narino,Yacuanquer,NA, Yacuanquer,"0",NA,volcanic activity,2008-0027,"1.161120929","-77.44198564"
05-207,Colombia,COL,"100","2008","40560",Teruel,"2",Huila,Teruel,NA, Teruel,"0",NA,volcanic activity,2008-0164,"2.843228317","-75.71133996"
05-207,Colombia,COL,"100","2008","40561",Planadas,"2",Tolima,Planadas,NA, Planadas districts ,"0",NA,volcanic activity,2008-0164,"3.182947796","-75.85638072"
05-207,Colombia,COL,"100","2008","40562",Iquira,"2",Huila,Iquira,NA, Iquira,"0",NA,volcanic activity,2008-0164,"2.767148858","-75.79851407"
05-207,Colombia,COL,"100","2008","40564",Tesalia,"2",Huila,Tesalia,NA, Tesalia,"0",NA,volcanic activity,2008-0164,"2.535241657","-75.71546299"
05-207,Colombia,COL,"100","2008","40565",Rioblanco,"2",Tolima,Rioblanco,NA, Rioblanco,"0",NA,volcanic activity,2008-0164,"3.483773425","-75.87566609"
05-207,Colombia,COL,"100","2008","40566",Paicol,"2",Huila,Paicol,NA, Paicol,"0",NA,volcanic activity,2008-0164,"2.400464998","-75.7709392"
05-207,Colombia,COL,"100","2008","40567",La Plata,"2",Huila,La Plata,NA, La Plata,"0",NA,volcanic activity,2008-0164,"2.320559698","-76.10447797"
05-207,Colombia,COL,"100","2008","40568",Nataga,"2",Huila,Nataga,NA, Nataga districts ,"0",NA,volcanic activity,2008-0164,"2.663772709","-75.85190803"
05-207,Colombia,COL,"100","2008","40569",Palermo,"2",Huila,Palermo,NA, Palermo,"0",NA,volcanic activity,2008-0164,"2.87919888","-75.44856169"
05-207,Colombia,COL,"100","2008","40570",Inza,"2",Cauca,Inza,NA, Inza districts ,"0",NA,volcanic activity,2008-0164,"2.514440918","-76.16673206"
05-207,Colombia,COL,"100","2008","40571",Toribio,"2",Cauca,Toribio,NA, Toribio,"0",NA,volcanic activity,2008-0164,"2.987863354","-76.21804374"
05-207,Colombia,COL,"100","2008","40572",Miranda,"2",Cauca,Miranda,NA,Miranda,"0",NA,volcanic activity,2008-0164,"3.226039758","-76.23182058"
05-209,Colombia,COL,"100","2008","40580",Inza,"2",Cauca,Inza,NA, Inza district ,"0",NA,volcanic activity,2008-0546,"2.514440918","-76.16673206"
05-209,Colombia,COL,"100","2008","40581",La Plata,"2",Huila,La Plata,NA, La Plata ,"0",NA,volcanic activity,2008-0546,"2.320559698","-76.10447797"
05-209,Colombia,COL,"100","2008","40582",Paicol,"2",Huila,Paicol,NA, Paicol,"0",NA,volcanic activity,2008-0546,"2.400464998","-75.7709392"
05-209,Colombia,COL,"100","2008","40583",Nataga,"2",Huila,Nataga,NA, Nataga,"0",NA,volcanic activity,2008-0546,"2.663772709","-75.85190803"
05-209,Colombia,COL,"100","2008","40584",Tesalia,"2",Huila,Tesalia,NA,Tesalia,"0",NA,volcanic activity,2008-0546,"2.535241657","-75.71546299"
21-May,Argentina,ARG,"160","2008","40585",Bariloche,"2",Rio Negro,Bariloche,NA,Bariloche district ,"0",NA,volcanic activity,2008-0182,"-41.50259938","-71.53117244"
05-222,Democratic Republic Of The Congo,ZAI,"490","2002","40627",Goma,"2",Nord-Kivu,Goma,NA,Goma district ,"0",NA,volcanic activity,2002-0033,"-1.653821964","29.19714971"
23-May,Argentina,ARG,"160","2011","40633",Bariloche,"2",Rio Negro,Bariloche,NA, Bariloche district ,"0",NA,volcanic activity,2011-0209,"-41.50259938","-71.53117244"
23-May,Argentina,ARG,"160","2011","40636",Lacar,"2",Neuquen,Lacar,NA,San Martin de Los Andes town ,"0",NA,volcanic activity,2011-0209,"-40.32379399","-71.1909309"
05-233,Costa Rica,COS,"94","2015","40646",Turrialba,"2",Cartago,Turrialba,NA,Turrialba district ,"0",NA,volcanic activity,2015-0104,"9.823767631","-83.54448446"
24-May,Argentina,ARG,"160","2015","40679",Bariloche,"2",Rio Negro,Bariloche,NA,Bariloche district,"0",NA,volcanic activity,2015-0142,"-41.50259938","-71.53117244"
05-261,Ecuador,ECU,"130","1999","40762",Riobamba,"2",Chimborazo,Riobamba,NA, Riobamba ,"0",NA,volcanic activity,1999-0584,"-1.72119025","-78.63835211"
05-261,Ecuador,ECU,"130","1999","40763",Ambato,"2",Tungurahua,Ambato,NA,Ambato ,"0",NA,volcanic activity,1999-0584,"-1.278583733","-78.75016869"
05-262,Ecuador,ECU,"130","2001","40764",Tisaleo,"2",Tungurahua,Tisaleo,NA, Tisaleo districts ,"0",NA,volcanic activity,2001-0456,"-1.366875618","-78.68064521"
05-262,Ecuador,ECU,"130","2001","40765",Cevallos,"2",Tungurahua,Cevallos,NA, Cevallos,"0",NA,volcanic activity,2001-0456,"-1.35074545","-78.61253521"
05-262,Ecuador,ECU,"130","2001","40766",Quero,"2",Tungurahua,Quero,NA,Quero,"0",NA,volcanic activity,2001-0456,"-1.445044887","-78.61728841"
05-262,Ecuador,ECU,"130","2001","40767",Penipe,"2",Chimborazo,Penipe,NA, Penipe,"0",NA,volcanic activity,2001-0456,"-1.567423151","-78.44965626"
05-262,Ecuador,ECU,"130","2001","40769",Guano,"2",Chimborazo,Guano,NA, Guano districts ,"0",NA,volcanic activity,2001-0456,"-1.544082556","-78.66116884"
05-262,Ecuador,ECU,"130","2001","40770",San Pedro De Pelileo,"2",Tungurahua,San Pedro De Pelileo,NA, San Pedro de Pelileo,"0",NA,volcanic activity,2001-0456,"-1.36011316","-78.53198993"
05-262,Ecuador,ECU,"130","2001","40771",Mocha,"2",Tungurahua,Mocha,NA, Mocha,"0",NA,volcanic activity,2001-0456,"-1.417465116","-78.69376429"
05-264,Ecuador,ECU,"130","2002","40776",Banos De Agua Santa,"2",Tungurahua,Banos De Agua Santa,NA,Banos de Angua Santa district ,"0",NA,volcanic activity,2002-0846,"-1.336424295","-78.27286334"
05-265,Ecuador,ECU,"130","2002","40779",Ruminahui,"2",Pichincha,Ruminahui,NA, Ruminahui,"0",NA,volcanic activity,2002-0693,"-0.401231897","-78.44310457"
05-265,Ecuador,ECU,"130","2002","40780",Quito,"2",Pichincha,Quito,NA, Quito,"0",NA,volcanic activity,2002-0693,"-0.104175125","-78.51910562"
05-265,Ecuador,ECU,"130","2002","40781",Quijos,"2",Napo,Quijos,NA, Quijos districts ,"0",NA,volcanic activity,2002-0693,"-0.468733214","-77.97479994"
05-265,Ecuador,ECU,"130","2002","40783",Cayambe,"2",Pichincha,Cayambe,NA, Cayambe,"0",NA,volcanic activity,2002-0693,"-0.003309082","-78.07455977"
05-265,Ecuador,ECU,"130","2002","40784",El Chaco,"2",Napo,El Chaco,NA, El Chaco,"0",NA,volcanic activity,2002-0693,"-0.251673472","-77.67225003"
05-265,Ecuador,ECU,"130","2002","40785",Gonzalo Pizarro,"2",Sucumbios,Gonzalo Pizarro,NA, Gonzalo Pizarro district ,"0",NA,volcanic activity,2002-0693,"0.081377096","-77.58797545"
05-266,Ecuador,ECU,"130","2003","40787",Mocha,"2",Tungurahua,Mocha,NA, Mocha,"0",NA,volcanic activity,2003-0326,"-1.417465116","-78.69376429"
05-266,Ecuador,ECU,"130","2003","40788",Cevallos,"2",Tungurahua,Cevallos,NA, Cevallos,"0",NA,volcanic activity,2003-0326,"-1.35074545","-78.61253521"
05-266,Ecuador,ECU,"130","2003","40789",Penipe,"2",Chimborazo,Penipe,NA, Penipe districts ,"0",NA,volcanic activity,2003-0326,"-1.567423151","-78.44965626"
05-266,Ecuador,ECU,"130","2003","40790",Quero,"2",Tungurahua,Quero,NA, Quero,"0",NA,volcanic activity,2003-0326,"-1.445044887","-78.61728841"
05-266,Ecuador,ECU,"130","2003","40791",Guano,"2",Chimborazo,Guano,NA,Guano,"0",NA,volcanic activity,2003-0326,"-1.544082556","-78.66116884"
05-266,Ecuador,ECU,"130","2003","40793",Tisaleo,"2",Tungurahua,Tisaleo,NA, Tisaleo districts ,"0",NA,volcanic activity,2003-0326,"-1.366875618","-78.68064521"
05-266,Ecuador,ECU,"130","2003","40795",San Pedro De Pelileo,"2",Tungurahua,San Pedro De Pelileo,NA, San Pedro de Pelileo,"0",NA,volcanic activity,2003-0326,"-1.36011316","-78.53198993"
05-268,Ecuador,ECU,"130","2006","40800",Penipe,"2",Chimborazo,Penipe,NA, Penipe districts ,"0",NA,volcanic activity,2006-0373,"-1.567423151","-78.44965626"
05-268,Ecuador,ECU,"130","2006","40801",Guano,"2",Chimborazo,Guano,NA, Guano,"0",NA,volcanic activity,2006-0373,"-1.544082556","-78.66116884"
05-268,Ecuador,ECU,"130","2006","40803",Pelileo,"3",Tungurahua,San Pedro De Pelileo,Pelileo,Pelileo,"0",NA,volcanic activity,2006-0373,"-1.352592807","-78.52729492"
05-268,Ecuador,ECU,"130","2006","40805",Quero,"2",Tungurahua,Quero,NA, Quero districts ,"0",NA,volcanic activity,2006-0373,"-1.445044887","-78.61728841"
05-268,Ecuador,ECU,"130","2006","40806",Mocha,"2",Tungurahua,Mocha,NA, Mocha,"0",NA,volcanic activity,2006-0373,"-1.417465116","-78.69376429"
05-268,Ecuador,ECU,"130","2006","40808",Cevallos,"2",Tungurahua,Cevallos,NA, Cevallos,"0",NA,volcanic activity,2006-0373,"-1.35074545","-78.61253521"
05-268,Ecuador,ECU,"130","2006","40811",Tisaleo,"2",Tungurahua,Tisaleo,NA, Tisaleo,"0",NA,volcanic activity,2006-0373,"-1.366875618","-78.68064521"
05-268,Ecuador,ECU,"130","2006","40813",Patate,"2",Tungurahua,Patate,NA, Patate,"0",NA,volcanic activity,2006-0373,"-1.279044275","-78.42954074"
05-273,Ecuador,ECU,"130","2015","40835",Mocha,"2",Tungurahua,Mocha,NA,  Mocha,"0",NA,volcanic activity,2015-0550,"-1.417465116","-78.69376429"
05-273,Ecuador,ECU,"130","2015","40836",Ambato,"2",Tungurahua,Ambato,NA, Ambato,"0",NA,volcanic activity,2015-0550,"-1.278583733","-78.75016869"
05-273,Ecuador,ECU,"130","2015","40839",Quero,"2",Tungurahua,Quero,NA,  Quero,"0",NA,volcanic activity,2015-0550,"-1.445044887","-78.61728841"
05-273,Ecuador,ECU,"130","2015","40840",Cevallos,"2",Tungurahua,Cevallos,NA,  Cevallos ,"0",NA,volcanic activity,2015-0550,"-1.35074545","-78.61253521"
05-280,El Salvador,SAL,"92","2005","40853",Nahuizalco,"2",Sonsonate,Nahuizalco,NA, Nahuizalco districts ,"0",NA,volcanic activity,2005-0570,"13.79483137","-89.71229052"
05-280,El Salvador,SAL,"92","2005","40854",San Francisco Menendez,"2",Ahuachapan,San Francisco Menendez,NA, San Francisco Menendez,"0",NA,volcanic activity,2005-0570,"13.81036794","-90.02989468"
05-280,El Salvador,SAL,"92","2005","40855",Juayua,"2",Sonsonate,Juayua,NA,Juayua,"0",NA,volcanic activity,2005-0570,"13.86064452","-89.70507556"
05-282,El Salvador,SAL,"92","2013","40870",El Transito,"2",San Miguel,El Transito,NA, El Transito,"0",NA,volcanic activity,2013-0543,"13.33274443","-88.29558573"
05-282,El Salvador,SAL,"92","2013","40872",Chinameca,"2",San Miguel,Chinameca,NA,Chinameca,"0",NA,volcanic activity,2013-0543,"13.47035638","-88.33156349"
05-300,Ethiopia,ETI,"530","2005","40951",Afar Zone 4,"2",Afar,Afar Zone 4,NA,Zone 4 district ,"0",NA,volcanic activity,2005-0818,"12.34912155","40.26919695"
05-302,Ethiopia,ETI,"530","2007","40960",Afar Zone 1,"2",Afar,Afar Zone 1,NA,Dayulu ,"0",NA,volcanic activity,2007-0363,"11.94041875","41.21960642"
05-302,Ethiopia,ETI,"530","2007","40961",Afar Zone 4,"2",Afar,Afar Zone 4,NA, Gomoyta ,"0",NA,volcanic activity,2007-0363,"12.34912155","40.26919695"
05-338,Guatemala,GUA,"90","2000","41028",San Vicente Pacaya,"2",Escuintla,San Vicente Pacaya,NA, El Rodeo,"0",NA,volcanic activity,2000-0008,"14.34601258","-90.64447442"
05-348,Guatemala,GUA,"90","2018","41077",San Vicente Pacaya,"2",Escuintla,San Vicente Pacaya,NA, Las Lajas,"0",NA,volcanic activity,2018-0168,"14.34601258","-90.64447442"
05-394,Iceland,NA,"999","2010","41253",Rangarvallahreppur,"2",Sudurland,Rangarvallahreppur,NA,Rangarvalla province,"0",NA,volcanic activity,2010-0170,"63.8938018","-19.68960867"
05-415,Indonesia,INS,"850","1969","41602",Flores Timur,"2",Nusa Tenggara Timur,Flores Timur,NA,Flores,"0",NA,volcanic activity,1969-0014,"-8.365094236","122.9444229"
05-431,Indonesia,INS,"850","1984","41629",Srumbung,"3",Jawa Tengah,Magelang,Srumbung, Srumbung,"0",NA,volcanic activity,1984-0328,"-7.58707949","110.3592288"
05-431,Indonesia,INS,"850","1984","41632",Depok,"2",Jawa Barat,Depok,NA, Sawangan districts ,"0",NA,volcanic activity,1984-0328,"-6.396101353","106.816808"
05-432,Indonesia,INS,"850","1984","41634",Siau Tagulandang Biaro,"2",Sulawesi Utara,Siau Tagulandang Biaro,NA,Siau Isl ,"0",NA,volcanic activity,1984-0081,"2.540058657","125.396988"
05-442,Indonesia,INS,"850","1991","41661",Tomohon,"2",Sulawesi Utara,Tomohon,NA,Tomohon district,"0",NA,volcanic activity,1991-0417,"1.323558105","124.8156742"
05-442,Indonesia,INS,"850","1991","41663",Minahasa,"2",Sulawesi Utara,Minahasa,NA,Minahasa ,"0",NA,volcanic activity,1991-0417,"1.254639752","124.8551562"
05-446,Indonesia,INS,"850","1994","41668",Lombok Timur,"2",Nusa Tenggara Barat,Lombok Timur,NA,Lombok ,"0",NA,volcanic activity,1994-0514,"-8.532917635","116.5308806"
05-449,Indonesia,INS,"850","1997","41671",Boyolali,"2",Jawa Tengah,Boyolali,NA,Boyolali,"0",NA,volcanic activity,1997-0012,"-7.418561985","110.6506564"
05-449,Indonesia,INS,"850","1997","41672",Klaten,"2",Jawa Tengah,Klaten,NA, Klaten,"0",NA,volcanic activity,1997-0012,"-7.686394997","110.619898"
05-451,Indonesia,INS,"850","2002","41675",Bandung,"2",Jawa Barat,Bandung,NA, Bandung ,"0",NA,volcanic activity,2002-0701,"-7.099968677","107.6108411"
05-451,Indonesia,INS,"850","2002","41677",Garut,"2",Jawa Barat,Garut,NA,Garut,"0",NA,volcanic activity,2002-0701,"-7.359586322","107.7888626"
05-453,Indonesia,INS,"850","2004","41684",Sikka,"2",Nusa Tenggara Timur,Sikka,NA,Sikka district ,"0",NA,volcanic activity,2004-0033,"-8.608718158","122.3038082"
05-455,Indonesia,INS,"850","2004","41690",Pasuruan,"2",Jawa Timur,Pasuruan,NA,Pasuruan,"0",NA,volcanic activity,2004-0269,"-7.743180435","112.8315587"
05-455,Indonesia,INS,"850","2004","41691",Probolinggo,"2",Jawa Timur,Probolinggo,NA, Probolinggo districts ,"0",NA,volcanic activity,2004-0269,"-7.866672955","113.3209629"
05-456,Indonesia,INS,"850","2004","41694",Sikka,"2",Nusa Tenggara Timur,Sikka,NA,Sikka district ,"0",NA,volcanic activity,2004-0463,"-8.608718158","122.3038082"
05-457,Indonesia,INS,"850","2005","41695",Solok,"2",Sumatera Barat,Solok,NA,Solok district ,"0",NA,volcanic activity,2005-0202,"-0.962395663","100.8186767"
05-458,Indonesia,INS,"850","2006","41697",Sleman,"2",Yogyakarta,Sleman,NA, Sleman district ,"0",NA,volcanic activity,2006-0196,"-7.715434583","110.3834907"
05-458,Indonesia,INS,"850","2006","41698",Klaten,"2",Jawa Tengah,Klaten,NA, Kota Klaten,"0",NA,volcanic activity,2006-0196,"-7.686394997","110.619898"
05-458,Indonesia,INS,"850","2006","41700",Kota Magelang,"2",Jawa Tengah,Kota Magelang,NA, Kota Magelang,"0",NA,volcanic activity,2006-0196,"-7.477143081","110.220132"
05-458,Indonesia,INS,"850","2006","41701",Boyolali,"2",Jawa Tengah,Boyolali,NA,Boyolali,"0",NA,volcanic activity,2006-0196,"-7.418561985","110.6506564"
05-458,Indonesia,INS,"850","2006","41702",Magelang,"2",Jawa Tengah,Magelang,NA, Magelang,"0",NA,volcanic activity,2006-0196,"-7.501579527","110.2467333"
05-460,Indonesia,INS,"850","2007","41707",Kediri,"2",Jawa Timur,Kediri,NA,Kediri,"0",NA,volcanic activity,2007-0511,"-7.828871066","112.0896363"
05-460,Indonesia,INS,"850","2007","41709",Blitar,"2",Jawa Timur,Blitar,NA, Blitar districts ,"0",NA,volcanic activity,2007-0511,"-8.130108725","112.2381296"
05-461,Indonesia,INS,"850","2008","41710",Sikka,"2",Nusa Tenggara Timur,Sikka,NA,Sikka district ,"0",NA,volcanic activity,2008-0162,"-8.608718158","122.3038082"
05-462,Indonesia,INS,"850","2010","41713",Karo,"2",Sumatera Utara,Karo,NA, Siragong-Grang,"0",NA,volcanic activity,2010-0446,"3.119160773","98.29789373"
05-463,Indonesia,INS,"850","2010","41714",Sleman,"2",Yogyakarta,Sleman,NA, Sleman district ,"0",NA,volcanic activity,2010-0562,"-7.715434583","110.3834907"
05-463,Indonesia,INS,"850","2010","41715",Klaten,"2",Jawa Tengah,Klaten,NA, Kota Klaten,"0",NA,volcanic activity,2010-0562,"-7.686394997","110.619898"
05-463,Indonesia,INS,"850","2010","41716",Magelang,"2",Jawa Tengah,Magelang,NA, Magelang,"0",NA,volcanic activity,2010-0562,"-7.501579527","110.2467333"
05-463,Indonesia,INS,"850","2010","41717",Kota Magelang,"2",Jawa Tengah,Kota Magelang,NA, Kota Magelang,"0",NA,volcanic activity,2010-0562,"-7.477143081","110.220132"
05-463,Indonesia,INS,"850","2010","41719",Boyolali,"2",Jawa Tengah,Boyolali,NA, Boyolali districts ,"0",NA,volcanic activity,2010-0562,"-7.418561985","110.6506564"
05-464,Indonesia,INS,"850","2011","41722",Minahasa Utara,"2",Sulawesi Utara,Minahasa Utara,NA, Minahasa Utara,"0",NA,volcanic activity,2011-0506,"1.551116764","125.0067034"
05-464,Indonesia,INS,"850","2011","41723",Minahasa Selatan,"2",Sulawesi Utara,Minahasa Selatan,NA, Minahasa Selatan,"0",NA,volcanic activity,2011-0506,"1.084224079","124.5210665"
05-464,Indonesia,INS,"850","2011","41724",Tomohon,"2",Sulawesi Utara,Tomohon,NA, Kota Tomohon,"0",NA,volcanic activity,2011-0506,"1.323558105","124.8156742"
05-464,Indonesia,INS,"850","2011","41725",Minahasa,"2",Sulawesi Utara,Minahasa,NA, Minahasa districts ,"0",NA,volcanic activity,2011-0506,"1.254639752","124.8551562"
05-464,Indonesia,INS,"850","2011","41726",Manado,"2",Sulawesi Utara,Manado,NA,Kota Manado,"0",NA,volcanic activity,2011-0506,"1.523742994","124.8494127"
05-465,Indonesia,INS,"850","2011","41727",Ternate,"2",Maluku Utara,Ternate,NA,Kota Ternate district ,"0",NA,volcanic activity,2011-0568,"0.838838936","127.1725785"
05-466,Indonesia,INS,"850","2013","41729",Karo,"2",Sumatera Utara,Karo,NA,Karo district ,"0",NA,volcanic activity,2013-0542,"3.119160773","98.29789373"
05-467,Indonesia,INS,"850","2014","41731",Karo,"2",Sumatera Utara,Karo,NA,Karo district ,"0",NA,volcanic activity,2014-0044,"3.119160773","98.29789373"
05-468,Indonesia,INS,"850","2014","41733",Kota Magelang,"2",Jawa Tengah,Kota Magelang,NA, Kota Magelang,"0",NA,volcanic activity,2014-0064,"-7.477143081","110.220132"
05-468,Indonesia,INS,"850","2014","41734",Surakarta,"2",Jawa Tengah,Surakarta,NA, Kota Surakarta,"0",NA,volcanic activity,2014-0064,"-7.558081559","110.8233903"
05-468,Indonesia,INS,"850","2014","41735",Blitar,"2",Jawa Timur,Blitar,NA, Blitar,"0",NA,volcanic activity,2014-0064,"-8.130108725","112.2381296"
05-468,Indonesia,INS,"850","2014","41736",Mataram,"2",Nusa Tenggara Barat,Mataram,NA, Kota Mataram district ,"0",NA,volcanic activity,2014-0064,"-8.590268518","116.111093"
05-468,Indonesia,INS,"850","2014","41737",Kota Yogyakarta,"2",Yogyakarta,Kota Yogyakarta,NA, Kota Yogyakarta,"0",NA,volcanic activity,2014-0064,"-7.803291174","110.3743542"
05-468,Indonesia,INS,"850","2014","41738",Purworejo,"2",Jawa Tengah,Purworejo,NA, Purworejo,"0",NA,volcanic activity,2014-0064,"-7.69958989","109.9660376"
05-468,Indonesia,INS,"850","2014","41739",Kota Malang,"2",Jawa Timur,Kota Malang,NA, Kota Malang,"0",NA,volcanic activity,2014-0064,"-7.978963958","112.6363798"
05-468,Indonesia,INS,"850","2014","41740",Kota Blitar,"2",Jawa Timur,Kota Blitar,NA, Kota Blitar,"0",NA,volcanic activity,2014-0064,"-8.095024291","112.1669969"
05-468,Indonesia,INS,"850","2014","41741",Temanggung,"2",Jawa Tengah,Temanggung,NA, Temanggung,"0",NA,volcanic activity,2014-0064,"-7.257858698","110.1356321"
05-468,Indonesia,INS,"850","2014","41742",Magelang,"2",Jawa Tengah,Magelang,NA, Magelang,"0",NA,volcanic activity,2014-0064,"-7.501579527","110.2467333"
05-468,Indonesia,INS,"850","2014","41744",Boyolali,"2",Jawa Tengah,Boyolali,NA, Boyolali,"0",NA,volcanic activity,2014-0064,"-7.418561985","110.6506564"
05-468,Indonesia,INS,"850","2014","41745",Wonogiri,"2",Jawa Tengah,Wonogiri,NA, Wonogiri districts ,"0",NA,volcanic activity,2014-0064,"-7.92020236","111.0004035"
05-468,Indonesia,INS,"850","2014","41746",Sleman,"2",Yogyakarta,Sleman,NA, Sleman districts ,"0",NA,volcanic activity,2014-0064,"-7.715434583","110.3834907"
05-468,Indonesia,INS,"850","2014","41748",Bantul,"2",Yogyakarta,Bantul,NA,Bantul,"0",NA,volcanic activity,2014-0064,"-7.901663949","110.3546947"
05-468,Indonesia,INS,"850","2014","41750",Kebumen,"2",Jawa Tengah,Kebumen,NA, Kebumen,"0",NA,volcanic activity,2014-0064,"-7.655266531","109.6174096"
05-468,Indonesia,INS,"850","2014","41751",Surabaya,"2",Jawa Timur,Surabaya,NA, Kota Surabaya,"0",NA,volcanic activity,2014-0064,"-7.275387603","112.7226724"
05-468,Indonesia,INS,"850","2014","41752",Ponorogo,"2",Jawa Timur,Ponorogo,NA, Ponorogo districts ,"0",NA,volcanic activity,2014-0064,"-7.93132009","111.4993658"
05-468,Indonesia,INS,"850","2014","41753",Kota Kediri,"2",Jawa Timur,Kota Kediri,NA, Kota Kediri,"0",NA,volcanic activity,2014-0064,"-7.826305087","112.0138381"
05-468,Indonesia,INS,"850","2014","41754",Malang,"2",Jawa Timur,Malang,NA, Malang,"0",NA,volcanic activity,2014-0064,"-8.126768271","112.6410121"
05-468,Indonesia,INS,"850","2014","41755",Kediri,"2",Jawa Timur,Kediri,NA, Kediri,"0",NA,volcanic activity,2014-0064,"-7.828871066","112.0896363"
05-468,Indonesia,INS,"850","2014","41756",Pacitan,"2",Jawa Timur,Pacitan,NA, Pacitan,"0",NA,volcanic activity,2014-0064,"-8.126213327","111.1790563"
05-470,Indonesia,INS,"850","2017","41765",Karangasem,"2",Bali,Karangasem,NA,Karangasem,"0",NA,volcanic activity,2017-0393,"-8.374177685","115.5301695"
05-472,Indonesia,INS,"850","2018","41768",Serang,"2",Banten,Serang,NA, Serang districts ,"0",NA,volcanic activity,2018-0458,"-6.143006736","106.1486454"
05-472,Indonesia,INS,"850","2018","41769",Pandeglang,"2",Banten,Pandeglang,NA,Pandenglang,"0",NA,volcanic activity,2018-0458,"-6.590225521","105.742949"
05-498,Japan,JPN,"740","2000","41859",Sobetsu,"2",Hokkaido,Sobetsu,NA, Soobetutyoo districts ,"0",NA,volcanic activity,2000-0176,"42.5792901","140.9667188"
05-657,Nicaragua,NIC,"93","1999","42515",San Rafael Del Sur,"2",Managua,San Rafael Del Sur,NA, San Rafael,"0",NA,volcanic activity,1999-0537,"11.8488488","-86.45833199"
05-657,Nicaragua,NIC,"93","1999","42522",El Sauce,"2",Leon,El Sauce,NA, La Suiza,"0",NA,volcanic activity,1999-0537,"12.89041408","-86.5381432"
05-694,Papua New Guinea,PNG,"910","2004","42658",Bogia,"2",Madang,Bogia,NA,Bogia district ,"0",NA,volcanic activity,2004-0610,"-4.383451711","144.922859"
05-697,Papua New Guinea,PNG,"910","2006","42664",Rabaul,"2",East New Britain,Rabaul,NA, Rabaul districts ,"0",NA,volcanic activity,2006-0540,"-4.198478035","152.1575666"
05-697,Papua New Guinea,PNG,"910","2006","42665",Kokopo,"2",East New Britain,Kokopo,NA,Kokopo,"0",NA,volcanic activity,2006-0540,"-4.359123223","152.310334"
05-723,Peru,PER,"135","2013","42806",General Sanchez Cerro,"2",Moquegua,General Sanchez Cerro,NA, General Sanchez Cerro district ,"0",NA,volcanic activity,2013-0355,"-16.45862029","-70.83151824"
05-734,Philippines,PHI,"840","1984","42816",Camalig,"2",Albay,Camalig,NA, Camalig,"0",NA,volcanic activity,1984-0083,"13.14185059","123.6376181"
05-734,Philippines,PHI,"840","1984","42819",Malilipot,"2",Albay,Malilipot,NA, Malipilot municipalities ,"0",NA,volcanic activity,1984-0083,"13.30542198","123.7343885"
05-734,Philippines,PHI,"840","1984","42820",Guinobatan,"2",Albay,Guinobatan,NA, Guinobatan,"0",NA,volcanic activity,1984-0083,"13.17463252","123.57564"
05-734,Philippines,PHI,"840","1984","42821",Daraga,"2",Albay,Daraga,NA,Daraga,"0",NA,volcanic activity,1984-0083,"13.11152994","123.6901201"
05-740,Philippines,PHI,"840","1991","42829",Olongapo City,"2",Zambales,Olongapo City,NA, Olongapo,"0",NA,volcanic activity,1991-0132,"14.88623077","120.3426312"
05-742,Philippines,PHI,"840","1993","42832",Daraga,"2",Albay,Daraga,NA, Daraga,"0",NA,volcanic activity,1993-0008,"13.11152994","123.6901201"
05-742,Philippines,PHI,"840","1993","42833",Camalig,"2",Albay,Camalig,NA, Camalig,"0",NA,volcanic activity,1993-0008,"13.14185059","123.6376181"
05-742,Philippines,PHI,"840","1993","42835",Guinobatan,"2",Albay,Guinobatan,NA, Guinobatan,"0",NA,volcanic activity,1993-0008,"13.17463252","123.57564"
05-747,Philippines,PHI,"840","2001","42839",Guinobatan,"2",Albay,Guinobatan,NA, Guinobatan areas ,"0",NA,volcanic activity,2001-0297,"13.17463252","123.57564"
05-747,Philippines,PHI,"840","2001","42841",Daraga,"2",Albay,Daraga,NA,Daraga,"0",NA,volcanic activity,2001-0297,"13.11152994","123.6901201"
05-747,Philippines,PHI,"840","2001","42842",Bacacay,"2",Albay,Bacacay,NA, Bacacay,"0",NA,volcanic activity,2001-0297,"13.28545472","123.8524633"
05-747,Philippines,PHI,"840","2001","42844",Camalig,"2",Albay,Camalig,NA, Camalig,"0",NA,volcanic activity,2001-0297,"13.14185059","123.6376181"
05-747,Philippines,PHI,"840","2001","42845",Malilipot,"2",Albay,Malilipot,NA, Malilipot,"0",NA,volcanic activity,2001-0297,"13.30542198","123.7343885"
05-750,Philippines,PHI,"840","2006","42861",Daraga,"2",Albay,Daraga,NA, Daraga,"0",NA,volcanic activity,2006-0450,"13.11152994","123.6901201"
05-750,Philippines,PHI,"840","2006","42863",Guinobatan,"2",Albay,Guinobatan,NA, Guinobatan areas ,"0",NA,volcanic activity,2006-0450,"13.17463252","123.57564"
05-750,Philippines,PHI,"840","2006","42864",Camalig,"2",Albay,Camalig,NA, Camalig,"0",NA,volcanic activity,2006-0450,"13.14185059","123.6376181"
05-750,Philippines,PHI,"840","2006","42865",Malilipot,"2",Albay,Malilipot,NA, Malilipot,"0",NA,volcanic activity,2006-0450,"13.30542198","123.7343885"
05-752,Philippines,PHI,"840","2007","42873",Irosin,"2",Sorsogon,Irosin,NA,Irosin area ,"0",NA,volcanic activity,2007-0669,"12.71458793","124.0300037"
05-753,Philippines,PHI,"840","2009","42876",Malilipot,"2",Albay,Malilipot,NA, Malilipot,"0",NA,volcanic activity,2009-0574,"13.30542198","123.7343885"
05-753,Philippines,PHI,"840","2009","42877",Daraga,"2",Albay,Daraga,NA, Daraga,"0",NA,volcanic activity,2009-0574,"13.11152994","123.6901201"
05-753,Philippines,PHI,"840","2009","42878",Guinobatan,"2",Albay,Guinobatan,NA, Guinobatan areas ,"0",NA,volcanic activity,2009-0574,"13.17463252","123.57564"
05-753,Philippines,PHI,"840","2009","42879",Camalig,"2",Albay,Camalig,NA,Camalig,"0",NA,volcanic activity,2009-0574,"13.14185059","123.6376181"
05-754,Philippines,PHI,"840","2010","42881",Irosin,"2",Sorsogon,Irosin,NA, Irosin,"0",NA,volcanic activity,2010-0606,"12.71458793","124.0300037"
05-754,Philippines,PHI,"840","2010","42883",Juban,"2",Sorsogon,Juban,NA, Juban,"0",NA,volcanic activity,2010-0606,"12.81133202","123.9729921"
05-755,Philippines,PHI,"840","2011","42885",Bulan,"2",Sorsogon,Bulan,NA, Bulan areas ,"0",NA,volcanic activity,2011-0101,"12.68134622","123.925345"
05-755,Philippines,PHI,"840","2011","42886",Juban,"2",Sorsogon,Juban,NA, Juban,"0",NA,volcanic activity,2011-0101,"12.81133202","123.9729921"
05-755,Philippines,PHI,"840","2011","42887",Irosin,"2",Sorsogon,Irosin,NA,Irosin,"0",NA,volcanic activity,2011-0101,"12.71458793","124.0300037"
05-757,Philippines,PHI,"840","2014","42891",Daraga,"2",Albay,Daraga,NA, Daraga,"0",NA,volcanic activity,2014-0331,"13.11152994","123.6901201"
05-757,Philippines,PHI,"840","2014","42893",Malilipot,"2",Albay,Malilipot,NA, Malilipot,"0",NA,volcanic activity,2014-0331,"13.30542198","123.7343885"
05-757,Philippines,PHI,"840","2014","42894",Camalig,"2",Albay,Camalig,NA, Camalig,"0",NA,volcanic activity,2014-0331,"13.14185059","123.6376181"
05-757,Philippines,PHI,"840","2014","42895",Guinobatan,"2",Albay,Guinobatan,NA, Guinobatan,"0",NA,volcanic activity,2014-0331,"13.17463252","123.57564"
05-759,Philippines,PHI,"840","2018","42903",Bacacay,"2",Albay,Bacacay,NA,Bacacay,"0",NA,volcanic activity,2018-0014,"13.28545472","123.8524633"
05-759,Philippines,PHI,"840","2018","42905",Guinobatan,"2",Albay,Guinobatan,NA, Guinobatan,"0",NA,volcanic activity,2018-0014,"13.17463252","123.57564"
05-759,Philippines,PHI,"840","2018","42906",Malilipot,"2",Albay,Malilipot,NA, Malilipot municipalities ,"0",NA,volcanic activity,2018-0014,"13.30542198","123.7343885"
05-759,Philippines,PHI,"840","2018","42907",Daraga,"2",Albay,Daraga,NA, Daraga,"0",NA,volcanic activity,2018-0014,"13.11152994","123.6901201"
05-759,Philippines,PHI,"840","2018","42909",Camalig,"2",Albay,Camalig,NA, Camalig,"0",NA,volcanic activity,2018-0014,"13.14185059","123.6376181"
05-759,Philippines,PHI,"840","2018","42910",Tabaco City,"2",Albay,Tabaco City,NA, Tabao,"0",NA,volcanic activity,2018-0014,"13.33522615","123.6965702"
05-927,Vanuatu,NA,"999","2006","43704",Paama,"2",Malampa,Paama,NA,Paama,"0",NA,volcanic activity,2006-0281,"-16.47295522","168.2371783"
05-939,Yemen,YEM,"678","2007","43775",Alluheyah,"2",Al Hudaydah,Alluheyah,NA,Alluheyah district,"0",NA,volcanic activity,2007-0473,"15.6310395","42.83761065"
05-112,Cape Verde,CAP,"402","2014","40265",Sao Filipe,"1",Sao Filipe,NA,NA, Cha das Caldeiras villages ,"0",NA,volcanic activity,2014-0478,"14.91063781","-24.40305367"
05-120,Cameroon,CAO,"471","1984","40305",Ouest,"1",Ouest,NA,NA,Lake Monoun,"0",NA,volcanic activity,1984-0069,"5.502467732","10.65172536"
05-121,Cameroon,CAO,"471","1986","40306",Ouest,"1",Ouest,NA,NA,Lake Nyos ,"0",NA,volcanic activity,1986-0100,"5.502467732","10.65172536"
05-121,Cameroon,CAO,"471","1986","40307",Wum,"3",Nord-Ouest,Menchum,Wum,Wum region,"0",NA,volcanic activity,1986-0100,"6.392658661","10.13948515"
05-123,Cameroon,CAO,"471","1999","40308",Sud-Ouest,"1",Sud-Ouest,NA,NA, Batoke,"0",NA,volcanic activity,1999-0100,"5.198150005","9.290182088"
05-142,Chile,CHL,"155","1964","40351",Villarrica,"3",Araucania,Cautin,Villarrica,Villarica,"0",NA,volcanic activity,1964-0017,"-39.42942608","-72.13881766"
05-144,Chile,CHL,"155","1988","40352",Lonquimay,"3",Araucania,Malleco,Lonquimay,Lonquimay,"0",NA,volcanic activity,1988-0524,"-38.44417521","-71.18919683"
19-May,Argentina,ARG,"160","1991","40496",Santa Cruz,"1",Santa Cruz,NA,NA,Santa Cruz,"0",NA,volcanic activity,1991-0765,"-48.81270671","-69.94144159"
05-197,Colombia,COL,"100","1985","40530",Chinchina,"2",Caldas,Chinchina,NA, Chinchina,"0",NA,volcanic activity,1985-0132,"4.975228142","-75.7041797"
05-197,Colombia,COL,"100","1985","40532",San Andres Y Providencia,"1",San Andres Y Providencia,NA,NA, Casablanca,"0",NA,volcanic activity,1985-0132,"12.95185786","-81.52318464"
05-197,Bolivia,BOL,"145","1985","40533",Pedro Domingo Murillo,"2",La Paz,Pedro Domingo Murillo,NA, Murillo,"0",NA,volcanic activity,1985-0132,"-16.38631704","-67.97263779"
05-199,Colombia,COL,"100","1993","40534",Narino,"1",Narino,NA,NA,Narino Province,"0",NA,volcanic activity,1993-0106,"1.563412287","-77.86731351"
05-205,Colombia,COL,"100","2007","40554",Guainia,"1",Guainia,NA,NA, San Jose,"0",NA,volcanic activity,2007-0150,"2.70987369","-68.82399057"
05-209,Colombia,COL,"100","2008","40577",La Primavera,"2",Vichada,La Primavera,NA, La Primavera,"0",NA,volcanic activity,2008-0546,"5.514650667","-69.49786312"
05-209,Colombia,COL,"100","2008","40579",San Fernando,"2",Bolivar,San Fernando,NA, San Fernando,"0",NA,volcanic activity,2008-0546,"9.077031917","-74.41177331"
21-May,Argentina,ARG,"160","2008","40587",Chubut,"1",Chubut,NA,NA, Chubut province,"0",NA,volcanic activity,2008-0182,"-43.78962611","-68.5232167"
05-211,Comoros,COM,"581","1977","40604",Njazidja,"1",Njazidja,NA,NA,Grande Comore,"0",NA,volcanic activity,1977-0056,"-11.6625806","43.35420891"
05-213,Comoros,COM,"581","1991","40606",Njazidja,"1",Njazidja,NA,NA,Grande Comore,"0",NA,volcanic activity,1991-0200,"-11.6625806","43.35420891"
05-214,Comoros,COM,"581","2005","40607",Njazidja,"1",Njazidja,NA,NA,Dimani,"0",NA,volcanic activity,2005-0205,"-11.6625806","43.35420891"
05-215,Comoros,COM,"581","2005","40608",Njazidja,"1",Njazidja,NA,NA,Ngazidja province,"0",NA,volcanic activity,2005-0657,"-11.6625806","43.35420891"
05-216,Comoros,COM,"581","2006","40609",Njazidja,"1",Njazidja,NA,NA,Ngazidja province,"0",NA,volcanic activity,2006-0282,"-11.6625806","43.35420891"
05-218,Democratic Republic Of The Congo,ZAI,"490","1977","40610",Goma,"2",Nord-Kivu,Goma,NA,Near Goma,"0",NA,volcanic activity,1977-0037,"-1.653821964","29.19714971"
05-221,Democratic Republic Of The Congo,ZAI,"490","2001","40624",Sud-Kivu,"1",Sud-Kivu,NA,NA, Sud-Kivu provinces,"0",NA,volcanic activity,2001-0732,"-3.220966315","28.25815717"
05-221,Democratic Republic Of The Congo,ZAI,"490","2001","40625",Nord-Kivu,"1",Nord-Kivu,NA,NA,Nord-Kivu,"0",NA,volcanic activity,2001-0732,"-0.60723352","28.70199447"
05-223,Costa Rica,COS,"94","1963","40628",San Jose,"1",San Jose,NA,NA,Mesata Central,"0",NA,volcanic activity,1963-0011,"9.607932387","-83.98936585"
05-228,Guatemala,GUA,"90","1991","40630",Escuintla,"1",Escuintla,NA,NA,Escuintlia department,"0",NA,volcanic activity,1991-0292,"14.16376911","-90.99640772"
05-228,Costa Rica,COS,"94","1991","40631",San Jose,"1",San Jose,NA,NA,San Vicente Pacaya ,"0",NA,volcanic activity,1991-0292,"9.607932387","-83.98936585"
23-May,Argentina,ARG,"160","2011","40634",Chubut,"1",Chubut,NA,NA, Chubut province,"0",NA,volcanic activity,2011-0209,"-43.78962611","-68.5232167"
05-257,Ecuador,ECU,"130","1975","40739",Cotopaxi,"1",Cotopaxi,NA,NA,Cotapaxi,"0",NA,volcanic activity,1975-0147,"-0.857987627","-78.85645852"
05-258,Ecuador,ECU,"130","1975","40740",Cotopaxi,"1",Cotopaxi,NA,NA,El Sangay,"0",NA,volcanic activity,1975-0041,"-0.857987627","-78.85645852"
05-259,Ecuador,ECU,"130","1976","40741",Cotopaxi,"1",Cotopaxi,NA,NA,Cotopaxi,"0",NA,volcanic activity,1976-0077,"-0.857987627","-78.85645852"
05-267,Ecuador,ECU,"130","2006","40796",Tungurahua,"1",Tungurahua,NA,NA,Cusua village ,"0",NA,volcanic activity,2006-0283,"-1.294378215","-78.50714598"
05-267,Ecuador,ECU,"130","2006","40797",Chimborazo,"1",Chimborazo,NA,NA, Chimborazo provinces,"0",NA,volcanic activity,2006-0283,"-1.975005205","-78.72075408"
05-268,Ecuador,ECU,"130","2006","40798",Manabi,"1",Manabi,NA,NA, Manabi provinces,"0",NA,volcanic activity,2006-0373,"-0.751294289","-80.13667592"
05-268,Ecuador,ECU,"130","2006","40799",Pastaza,"1",Pastaza,NA,NA, Pastaza,"0",NA,volcanic activity,2006-0373,"-1.716774504","-76.87972683"
05-268,Ecuador,ECU,"130","2006","40802",Los Rios,"1",Los Rios,NA,NA, Los Rios,"0",NA,volcanic activity,2006-0373,"-1.343568667","-79.49144476"
05-268,Ecuador,ECU,"130","2006","40804",Bolivar,"1",Bolivar,NA,NA, Bolivar,"0",NA,volcanic activity,2006-0373,"-1.587249399","-79.10689316"
05-268,Ecuador,ECU,"130","2006","40807",Guayas,"1",Guayas,NA,NA, Guayas,"0",NA,volcanic activity,2006-0373,"-2.117417246","-79.88866163"
05-268,Ecuador,ECU,"130","2006","40809",Banos,"3",Azuay,Cuenca,Banos, Banos,"0",NA,volcanic activity,2006-0373,"-2.983540024","-79.20346045"
05-270,Ecuador,ECU,"130","2010","40820",Chimborazo,"1",Chimborazo,NA,NA, Chimborazo,"0",NA,volcanic activity,2010-0274,"-1.975005205","-78.72075408"
05-270,Ecuador,ECU,"130","2010","40821",Bolivar,"1",Bolivar,NA,NA, Bolivar,"0",NA,volcanic activity,2010-0274,"-1.587249399","-79.10689316"
05-270,Ecuador,ECU,"130","2010","40822",Tungurahua,"1",Tungurahua,NA,NA,Tungurahua,"0",NA,volcanic activity,2010-0274,"-1.294378215","-78.50714598"
05-270,Ecuador,ECU,"130","2010","40823",Guayas,"1",Guayas,NA,NA, Guayas provinces,"0",NA,volcanic activity,2010-0274,"-2.117417246","-79.88866163"
05-270,Ecuador,ECU,"130","2010","40824",Los Rios,"1",Los Rios,NA,NA, Los Rios,"0",NA,volcanic activity,2010-0274,"-1.343568667","-79.49144476"
05-270,Ecuador,ECU,"130","2010","40825",Pastaza,"1",Pastaza,NA,NA, Pastaza,"0",NA,volcanic activity,2010-0274,"-1.716774504","-76.87972683"
05-272,Ecuador,ECU,"130","2015","40832",Cotopaxi,"1",Cotopaxi,NA,NA,Cotopaxi,"0",NA,volcanic activity,2015-0361,"-0.857987627","-78.85645852"
05-272,Ecuador,ECU,"130","2015","40833",Napo,"1",Napo,NA,NA, Napo,"0",NA,volcanic activity,2015-0361,"-0.657020809","-77.82188397"
05-272,Ecuador,ECU,"130","2015","40834",Pichincha,"1",Pichincha,NA,NA, Pichincha provinces,"0",NA,volcanic activity,2015-0361,"-0.104905315","-78.59355559"
05-273,Ecuador,ECU,"130","2015","40838",Chimborazo,"1",Chimborazo,NA,NA, Chimborazo provinces,"0",NA,volcanic activity,2015-0550,"-1.975005205","-78.72075408"
05-280,El Salvador,SAL,"92","2005","40850",Santa Ana,"1",Santa Ana,NA,NA, Santa Ana district ,"0",NA,volcanic activity,2005-0570,"14.11760513","-89.50516127"
05-329,Guatemala,GUA,"90","1983","41023",Quezaltenango,"1",Quezaltenango,NA,NA,Near Quezaltenango,"0",NA,volcanic activity,1983-0093,"14.78749072","-91.71413083"
05-336,Guatemala,GUA,"90","1996","41026",Guatemala,"1",Guatemala,NA,NA,Near Guatemala City,"0",NA,volcanic activity,1996-0262,"14.62976735","-90.48779733"
05-337,Guatemala,GUA,"90","1998","41027",Guatemala,"1",Guatemala,NA,NA,Near Guatemala City,"0",NA,volcanic activity,1998-0170,"14.62976735","-90.48779733"
05-340,Guatemala,GUA,"90","2002","41032",Escuintla,"1",Escuintla,NA,NA, Escuintla provinces,"0",NA,volcanic activity,2002-0087,"14.16376911","-90.99640772"
05-340,Guatemala,GUA,"90","2002","41033",Chimaltenango,"1",Chimaltenango,NA,NA,Chimaltenango,"0",NA,volcanic activity,2002-0087,"14.69391258","-90.92037503"
05-340,Guatemala,GUA,"90","2002","41034",Sacatepequez,"1",Sacatepequez,NA,NA, Sacatepéquez,"0",NA,volcanic activity,2002-0087,"14.55277043","-90.74148206"
05-343,Guatemala,GUA,"90","2010","41046",Escuintla,"1",Escuintla,NA,NA,Escuintla,"0",NA,volcanic activity,2010-0220,"14.16376911","-90.99640772"
05-343,Guatemala,GUA,"90","2010","41047",Sacatepequez,"1",Sacatepequez,NA,NA, Sacatepéquez provinces,"0",NA,volcanic activity,2010-0220,"14.55277043","-90.74148206"
05-343,Guatemala,GUA,"90","2010","41048",Guatemala,"1",Guatemala,NA,NA, Guatemala,"0",NA,volcanic activity,2010-0220,"14.62976735","-90.48779733"
05-345,Guatemala,GUA,"90","2012","41060",Sacatepequez,"1",Sacatepequez,NA,NA,Sacatepéquez,"0",NA,volcanic activity,2012-0356,"14.55277043","-90.74148206"
05-345,Guatemala,GUA,"90","2012","41061",Escuintla,"1",Escuintla,NA,NA, Escuintla and Chimaltenango provinces,"0",NA,volcanic activity,2012-0356,"14.16376911","-90.99640772"
05-345,Guatemala,GUA,"90","2012","41062",Chimaltenango,"1",Chimaltenango,NA,NA, Escuintla and Chimaltenango provinces,"0",NA,volcanic activity,2012-0356,"14.69391258","-90.92037503"
05-348,Guatemala,GUA,"90","2018","41076",Chimaltenango,"1",Chimaltenango,NA,NA, Chimaltenango,"0",NA,volcanic activity,2018-0168,"14.69391258","-90.92037503"
05-348,Guatemala,GUA,"90","2018","41078",Sacatepequez,"1",Sacatepequez,NA,NA, Sacatepequez,"0",NA,volcanic activity,2018-0168,"14.55277043","-90.74148206"
05-390,Iceland,NA,"999","1973","41250",Vestmannaeyjar,"2",Sudurland,Vestmannaeyjar,NA,Heimaey Is.,"0",NA,volcanic activity,1973-0012,"63.43130655","-20.2720404"
05-394,Iceland,NA,"999","2010","41251",Fljotsdalshreppur,"2",Austurland,Fljotsdalshreppur,NA, Fljotshlid,"0",NA,volcanic activity,2010-0170,"64.84763332","-15.27936977"
05-411,Indonesia,INS,"850","1963","41596",Bali,"1",Bali,NA,NA,Bali,"0",NA,volcanic activity,1963-0008,"-8.369676937","115.1321099"
05-413,Indonesia,INS,"850","1966","41598",Jawa Barat,"1",Jawa Barat,NA,NA,East Java,"0",NA,volcanic activity,1966-0041,"-6.920194937","107.6030311"
05-413,Indonesia,INS,"850","1966","41599",Margomulyo,"3",Jawa Timur,Bojonegoro,Margomulyo,Margomlujo ,"0",NA,volcanic activity,1966-0041,"-7.318895999","111.4963509"
05-414,Indonesia,INS,"850","1966","41600",Kepulauan Talaud,"2",Sulawesi Utara,Kepulauan Talaud,NA,Sangi Talaud,"0",NA,volcanic activity,1966-0061,"4.226040738","126.7818299"
05-415,Indonesia,INS,"850","1969","41603",Sulawesi Barat,"1",Sulawesi Barat,NA,NA, Sulawe,"0",NA,volcanic activity,1969-0014,"-2.461705235","119.3440075"
05-419,Indonesia,INS,"850","1979","41607",Sumatera Barat,"1",Sumatera Barat,NA,NA,Ouest Sumatra,"0",NA,volcanic activity,1979-0269,"-0.851751986","100.4667212"
05-419,Indonesia,INS,"850","1979","41608",Mandailing Natal,"2",Sumatera Utara,Mandailing Natal,NA,Merapi ,"0",NA,volcanic activity,1979-0269,"0.774439182","99.36941186"
05-420,Indonesia,INS,"850","1979","41609",Jawa Tengah,"1",Jawa Tengah,NA,NA,Dieng plain ,"0",NA,volcanic activity,1979-0027,"-7.259387694","110.2007399"
05-420,Indonesia,INS,"850","1979","41610",Jawa Barat,"1",Jawa Barat,NA,NA,Central Java,"0",NA,volcanic activity,1979-0027,"-6.920194937","107.6030311"
05-421,Indonesia,INS,"850","1980","41611",Ternate,"2",Maluku Utara,Ternate,NA,Ternate Isl.,"0",NA,volcanic activity,1980-0317,"0.838838936","127.1725785"
05-422,Indonesia,INS,"850","1981","41612",Jawa Barat,"1",Jawa Barat,NA,NA,East of Java,"0",NA,volcanic activity,1981-0272,"-6.920194937","107.6030311"
05-424,Indonesia,INS,"850","1982","41615",Jawa Barat,"1",Jawa Barat,NA,NA,Java,"0",NA,volcanic activity,1982-0047,"-6.920194937","107.6030311"
05-425,Indonesia,INS,"850","1982","41616",Sulawesi Utara,"1",Sulawesi Utara,NA,NA,Sulawesi,"0",NA,volcanic activity,1982-0094,"1.262052819","124.523091"
05-426,Indonesia,INS,"850","1983","41617",Halmahera Barat,"2",Maluku Utara,Halmahera Barat,NA,Halmahera Island,"0",NA,volcanic activity,1983-0088,"1.364176452","127.5896685"
05-427,Indonesia,INS,"850","1983","41618",Tojo Una-Una,"2",Sulawesi Tengah,Tojo Una-Una,NA,Unauna Isl. ,"0",NA,volcanic activity,1983-0095,"-1.111602895","121.5743501"
05-427,Indonesia,INS,"850","1983","41619",Sulawesi Utara,"1",Sulawesi Utara,NA,NA,central Sulawesi,"0",NA,volcanic activity,1983-0095,"1.262052819","124.523091"
05-430,Indonesia,INS,"850","1984","41628",Sulawesi Utara,"1",Sulawesi Utara,NA,NA,North Surawasi province,"0",NA,volcanic activity,1984-0042,"1.262052819","124.523091"
05-433,Indonesia,INS,"850","1985","41635",Nusa Tenggara Barat,"1",Nusa Tenggara Barat,NA,NA,Ntb Prov.,"0",NA,volcanic activity,1985-0083,"-8.606664515","117.5074521"
05-437,Indonesia,INS,"850","1987","41645",Flores Timur,"2",Nusa Tenggara Timur,Flores Timur,NA,Flores Isl.,"0",NA,volcanic activity,1987-0234,"-8.365094236","122.9444229"
05-438,Indonesia,INS,"850","1988","41646",Maluku Barat Daya,"2",Maluku,Maluku Barat Daya,NA,Moluccas,"0",NA,volcanic activity,1988-0205,"-7.831815314","127.3100933"
05-439,Indonesia,INS,"850","1988","41647",Makian Barat,"3",Maluku Utara,Halmahera Selatan,Makian Barat,Makian Isl.,"0",NA,volcanic activity,1988-0314,"0.322020217","127.3725591"
05-440,Indonesia,INS,"850","1989","41659",Sulawesi Utara,"1",Sulawesi Utara,NA,NA,Noongan,"0",NA,volcanic activity,1989-0152,"1.262052819","124.523091"
05-441,Indonesia,INS,"850","1990","41660",Jawa Barat,"1",Jawa Barat,NA,NA,East Java,"0",NA,volcanic activity,1990-0012,"-6.920194937","107.6030311"
05-443,Indonesia,INS,"850","1993","41664",Maluku,"1",Maluku,NA,NA,Maluku Province,"0",NA,volcanic activity,1993-0109,"-4.729786971","129.8374071"
05-444,Indonesia,INS,"850","1993","41665",Kepulauan Talaud,"2",Sulawesi Utara,Kepulauan Talaud,NA,Sangir Talaud Island,"0",NA,volcanic activity,1993-0110,"4.226040738","126.7818299"
05-445,Indonesia,INS,"850","1994","41666",Jawa Barat,"1",Jawa Barat,NA,NA,Eastern Java,"0",NA,volcanic activity,1994-0025,"-6.920194937","107.6030311"
05-447,Indonesia,INS,"850","1994","41669",Jawa Barat,"1",Jawa Barat,NA,NA,Java Isl.,"0",NA,volcanic activity,1994-0515,"-6.920194937","107.6030311"
05-450,Indonesia,INS,"850","1998","41673",Yogyakarta,"1",Yogyakarta,NA,NA,Jawa Tengah and  Yogyakarta,"0",NA,volcanic activity,1998-0218,"-7.895028204","110.4453795"
05-450,Indonesia,INS,"850","1998","41674",Jawa Tengah,"1",Jawa Tengah,NA,NA,Jawa Tengah and  Yogyakarta,"0",NA,volcanic activity,1998-0218,"-7.259387694","110.2007399"
05-472,Indonesia,INS,"850","2018","41767",Bantan,"3",Riau,Bengkalis,Bantan,Bantan province,"0",NA,volcanic activity,2018-0458,"1.48319953","102.3392066"
05-472,Indonesia,INS,"850","2018","41770",Lampung,"1",Lampung,NA,NA, South Lampung,"0",NA,volcanic activity,2018-0458,"-4.917955237","105.0228326"
05-479,Italy,ITA,"325","1979","41782",Sicily,"1",Sicily,NA,NA,Sicily,"0",NA,volcanic activity,1979-0087,"37.58842202","14.14667935"
05-480,Italy,ITA,"325","1991","41784",Catania,"2",Sicily,Catania,NA,Zafferana,"0",NA,volcanic activity,1991-0759,"37.51346996","14.83012172"
05-491,Japan,JPN,"740","1977","41852",Sapporo,"2",Hokkaido,Sapporo,NA,Sapporo,"0",NA,volcanic activity,1977-0103,"42.99594639","141.2604924"
05-492,Japan,JPN,"740","1983","41853",Miyake,"2",Nara,Miyake,NA,Miyake-Jima Island,"0",NA,volcanic activity,1983-0130,"34.5744738","135.7857922"
05-493,Japan,JPN,"740","1986","41854",Tokyo,"1",Tokyo,NA,NA,Oshima Island,"0",NA,volcanic activity,1986-0135,"35.7113435","139.4469212"
05-494,Japan,JPN,"740","1988","41855",Hokkaido,"1",Hokkaido,NA,NA,Tokachidake,"0",NA,volcanic activity,1988-0695,"43.38571051","142.5523179"
05-496,Japan,JPN,"740","1992","41856",Shimabara,"2",Naoasaki,Shimabara,NA,Shimabara ,"0",NA,volcanic activity,1992-0103,"32.79283587","130.3281476"
05-497,Japan,JPN,"740","1993","41857",Nagasaki,"2",Naoasaki,Nagasaki,NA,Nagasaki,"0",NA,volcanic activity,1993-0175,"32.77829109","129.827392"
05-499,Japan,JPN,"740","2000","41860",Tokyo,"1",Tokyo,NA,NA,Tookyoo province,"0",NA,volcanic activity,2000-0515,"35.7113435","139.4469212"
05-499,Japan,JPN,"740","2000","41861",Miyake,"2",Nara,Miyake,NA,Miyakemura district ,"0",NA,volcanic activity,2000-0515,"34.5744738","135.7857922"
05-500,Japan,JPN,"740","2014","41866",Takanezawa,"2",Tochigi,Takanezawa,NA, Takanemura districts ,"0",NA,volcanic activity,2014-0336,"36.63276616","140.0179517"
05-500,Japan,JPN,"740","2014","41867",Osaka,"1",Osaka,NA,NA, Osakatyoo,"0",NA,volcanic activity,2014-0336,"34.6209646","135.5074809"
05-500,Japan,JPN,"740","2014","41868",Nagano,"1",Nagano,NA,NA,Nagano province,"0",NA,volcanic activity,2014-0336,"36.13213385","138.0455278"
05-500,Japan,JPN,"740","2014","41869",Gifu,"1",Gifu,NA,NA,Gifu province,"0",NA,volcanic activity,2014-0336,"35.77867114","137.0559248"
05-591,Mexico,MEX,"70","1994","42284",Jalisco,"1",Jalisco,NA,NA,Jalisco State,"0",NA,volcanic activity,1994-0169,"20.55774894","-103.6273483"
05-592,Mexico,MEX,"70","1994","42285",Puebla,"1",Puebla,NA,NA,Puebla State,"0",NA,volcanic activity,1994-0595,"19.03753172","-97.81618328"
05-597,Mexico,MEX,"70","1999","42290",Jalisco,"1",Jalisco,NA,NA,Jalisco,"0",NA,volcanic activity,1999-0055,"20.55774894","-103.6273483"
05-599,Mexico,MEX,"70","2000","42296",Puebla,"1",Puebla,NA,NA, Puebla,"0",NA,volcanic activity,2000-0804,"19.03753172","-97.81618328"
05-599,Mexico,MEX,"70","2000","42297",Morelos,"1",Morelos,NA,NA, Morelos provinces,"0",NA,volcanic activity,2000-0804,"18.73249118","-99.00673723"
05-599,Mexico,MEX,"70","2000","42298",Mexico,"1",Mexico,NA,NA,Mexico,"0",NA,volcanic activity,2000-0804,"19.34071389","-99.62722216"
05-601,Mexico,MEX,"70","2002","42324",Colima,"1",Colima,NA,NA,La Yerbabuena village ,"0",NA,volcanic activity,2002-0072,"19.1410415","-103.9213373"
05-609,Montserrat,NA,"999","1995","42378",Saint Georges,"1",Saint Georges,NA,NA,Plymouth and surrounding,"0",NA,volcanic activity,1995-0151,"16.74180882","-62.17253251"
05-611,Montserrat,NA,"999","1997","42381",Saint Georges,"1",Saint Georges,NA,NA,Plymouth,"0",NA,volcanic activity,1997-0050,"16.74180882","-62.17253251"
05-612,Montserrat,NA,"999","2006","42382",Saint Georges,"1",Saint Georges,NA,NA, Salem provinces,"0",NA,volcanic activity,2006-0729,"16.74180882","-62.17253251"
05-651,Nicaragua,NIC,"93","1971","42488",Managua,"1",Managua,NA,NA, near Managua,"0",NA,volcanic activity,1971-0013,"12.22217931","-86.28618817"
05-652,Nicaragua,NIC,"93","1992","42489",Madriz,"1",Madriz,NA,NA, Madriz,"0",NA,volcanic activity,1992-0025,"13.48490911","-86.47528875"
05-652,Nicaragua,NIC,"93","1992","42490",Esteli,"1",Esteli,NA,NA,Esteli,"0",NA,volcanic activity,1992-0025,"13.16884058","-86.40446241"
05-652,Nicaragua,NIC,"93","1992","42491",Somotillo,"2",Chinandega,Somotillo,NA, Somotillo,"0",NA,volcanic activity,1992-0025,"12.97246072","-87.0223059"
05-652,Nicaragua,NIC,"93","1992","42492",Jinotega,"1",Jinotega,NA,NA, Jinotega,"0",NA,volcanic activity,1992-0025,"13.73866574","-85.52308871"
05-654,Nicaragua,NIC,"93","1995","42493",Leon,"1",Leon,NA,NA,Leon,"0",NA,volcanic activity,1995-0283,"12.58552469","-86.63574626"
05-656,Nicaragua,NIC,"93","1999","42514",Leon,"1",Leon,NA,NA,Leon Department,"0",NA,volcanic activity,1999-0585,"12.58552469","-86.63574626"
05-657,Nicaragua,NIC,"93","1999","42516",Rio San Juan,"1",Rio San Juan,NA,NA, El Porvenir y Socorro,"0",NA,volcanic activity,1999-0537,"11.24161599","-84.48220647"
05-657,Nicaragua,NIC,"93","1999","42517",Villanueva,"2",Chinandega,Villanueva,NA, Villanueva,"0",NA,volcanic activity,1999-0537,"12.90323318","-86.7943735"
05-657,Nicaragua,NIC,"93","1999","42518",Matagalpa,"1",Matagalpa,NA,NA, La Mora,"0",NA,volcanic activity,1999-0537,"12.93447166","-85.51450378"
05-657,Nicaragua,NIC,"93","1999","42519",Masaya,"1",Masaya,NA,NA,La Bosla,"0",NA,volcanic activity,1999-0537,"11.99577832","-86.09612566"
05-657,Nicaragua,NIC,"93","1999","42520",Chontales,"1",Chontales,NA,NA, Los Morenos,"0",NA,volcanic activity,1999-0537,"12.09248048","-85.12941859"
05-676,Northern Mariana Islands,NA,"999","2003","42616",Northern Islands,"1",Northern Islands,NA,NA,Anatahan island ,"0",NA,volcanic activity,2003-0224,"18.08053369","145.6703064"
05-688,Papua New Guinea,PNG,"910","1992","42649",Bogia,"2",Madang,Bogia,NA,Manam Isl.,"0",NA,volcanic activity,1992-0146,"-4.383451711","144.922859"
05-689,Papua New Guinea,PNG,"910","1994","42650",East New Britain,"1",East New Britain,NA,NA,Eastern New Britain,"0",NA,volcanic activity,1994-0212,"-5.090799318","151.6490479"
05-690,Papua New Guinea,PNG,"910","1996","42651",Rabaul,"2",East New Britain,Rabaul,NA,Rabaul Town,"0",NA,volcanic activity,1996-0238,"-4.198478035","152.1575666"
05-691,Papua New Guinea,PNG,"910","1996","42652",Bogia,"2",Madang,Bogia,NA,Manam Isl.,"0",NA,volcanic activity,1996-0300,"-4.383451711","144.922859"
05-693,Papua New Guinea,PNG,"910","2002","42656",West New Britain,"1",West New Britain,NA,NA,Kimbe district ,"0",NA,volcanic activity,2002-0492,"-5.753983155","149.8365271"
05-693,Papua New Guinea,PNG,"910","2002","42657",East New Britain,"1",East New Britain,NA,NA,West New Britain province,"0",NA,volcanic activity,2002-0492,"-5.090799318","151.6490479"
05-695,Papua New Guinea,PNG,"910","2005","42660",East New Britain,"1",East New Britain,NA,NA, West New Britain province,"0",NA,volcanic activity,2005-0308,"-5.090799318","151.6490479"
05-695,Papua New Guinea,PNG,"910","2005","42661",Kandrian-Gloucester,"2",West New Britain,Kandrian-Gloucester,NA,Aitavala,"0",NA,volcanic activity,2005-0308,"-5.866722417","149.4873626"
05-696,Papua New Guinea,PNG,"910","2006","42662",West New Britain,"1",West New Britain,NA,NA, Sulu,"0",NA,volcanic activity,2006-0715,"-5.753983155","149.8365271"
05-696,Papua New Guinea,PNG,"910","2006","42663",East New Britain,"1",East New Britain,NA,NA, West New Britain province,"0",NA,volcanic activity,2006-0715,"-5.090799318","151.6490479"
05-699,Papua New Guinea,PNG,"910","2014","42670",Bougainville,"1",Bougainville,NA,NA, Buin,"0",NA,volcanic activity,2014-0410,"-6.149165804","155.2577841"
05-701,Papua New Guinea,PNG,"910","2018","42694",Eastern Highlands,"1",Eastern Highlands,NA,NA, Taragauo,"0",NA,volcanic activity,2018-0017,"-6.468114153","145.6087266"
05-701,Papua New Guinea,PNG,"910","2018","42695",Bougainville,"1",Bougainville,NA,NA,Kadovar islands,"0",NA,volcanic activity,2018-0017,"-6.149165804","155.2577841"
05-717,Peru,PER,"135","1990","42760",Moyobamba,"2",San Martin,Moyobamba,NA,Moyoyamba,"0",NA,volcanic activity,1990-0030,"-5.865894761","-77.15074505"
05-722,Peru,PER,"135","2006","42801",Arequipa,"1",Arequipa,NA,NA, San Juan de Taracuni municipality ,"0",NA,volcanic activity,2006-0213,"-15.84352375","-72.4755394"
05-723,Peru,PER,"135","2013","42807",Arequipa,"1",Arequipa,NA,NA,Arequipa province,"0",NA,volcanic activity,2013-0355,"-15.84352375","-72.4755394"
05-725,Philippines,PHI,"840","1968","42808",Albay,"1",Albay,NA,NA,Albay province,"0",NA,volcanic activity,1968-0041,"13.2112739","123.6154635"
05-728,Philippines,PHI,"840","1978","42809",Albay,"1",Albay,NA,NA,Albay province,"0",NA,volcanic activity,1978-0066,"13.2112739","123.6154635"
05-734,Philippines,PHI,"840","1984","42817",Ligao,"3",Sultan Kudarat,Palimbang,Ligao, Ligao,"0",NA,volcanic activity,1984-0083,"6.296897392","124.1641273"
05-738,Philippines,PHI,"840","1991","42823",Balanga City,"2",Bataan,Balanga City,NA,Balangas province,"0",NA,volcanic activity,1991-0087,"14.66714893","120.4928636"
05-739,Philippines,PHI,"840","1991","42824",Zambales,"1",Zambales,NA,NA,Zambales province,"0",NA,volcanic activity,1991-0079,"15.28858009","120.1437061"
05-740,Philippines,PHI,"840","1991","42827",Pampanga,"1",Pampanga,NA,NA, Pampanga,"0",NA,volcanic activity,1991-0132,"15.05712355","120.6651432"
05-740,Philippines,PHI,"840","1991","42828",Tarlac,"1",Tarlac,NA,NA, Tarlac ,"0",NA,volcanic activity,1991-0132,"15.47881415","120.4787251"
05-741,Philippines,PHI,"840","1992","42830",Taal Lake,"2",Batangas,Taal Lake,NA,Lake Taal ,"0",NA,volcanic activity,1992-0030,"13.99598482","121.0113414"
05-742,Philippines,PHI,"840","1993","42831",Ligao,"3",Sultan Kudarat,Palimbang,Ligao,Ligao,"0",NA,volcanic activity,1993-0008,"6.296897392","124.1641273"
05-745,Philippines,PHI,"840","2000","42836",Albay,"1",Albay,NA,NA,Albay district,"0",NA,volcanic activity,2000-0089,"13.2112739","123.6154635"
05-747,Philippines,PHI,"840","2001","42840",Ligao,"3",Sultan Kudarat,Palimbang,Ligao, Ligao,"0",NA,volcanic activity,2001-0297,"6.296897392","124.1641273"
05-748,Philippines,PHI,"840","2001","42846",Albay,"1",Albay,NA,NA,Albay district,"0",NA,volcanic activity,2001-0461,"13.2112739","123.6154635"
05-750,Philippines,PHI,"840","2006","42860",Ligao,"3",Sultan Kudarat,Palimbang,Ligao, Ligao,"0",NA,volcanic activity,2006-0450,"6.296897392","124.1641273"
05-753,Philippines,PHI,"840","2009","42875",Ligao,"3",Sultan Kudarat,Palimbang,Ligao, Ligao,"0",NA,volcanic activity,2009-0574,"6.296897392","124.1641273"
05-756,Philippines,PHI,"840","2011","42888",Cebu,"1",Cebu,NA,NA,Talisay,"0",NA,volcanic activity,2011-0564,"10.35656913","123.7556565"
05-756,Philippines,PHI,"840","2011","42889",Bataan,"1",Bataan,NA,NA, Balete areas ,"0",NA,volcanic activity,2011-0564,"14.66449879","120.4492742"
05-756,Philippines,PHI,"840","2011","42890",Batangas,"1",Batangas,NA,NA,Batangas district,"0",NA,volcanic activity,2011-0564,"13.89993205","121.0301277"
05-757,Philippines,PHI,"840","2014","42892",Ligao,"3",Sultan Kudarat,Palimbang,Ligao, Ligao,"0",NA,volcanic activity,2014-0331,"6.296897392","124.1641273"
05-759,Philippines,PHI,"840","2018","42904",Ligao,"3",Sultan Kudarat,Palimbang,Ligao, Ligao,"0",NA,volcanic activity,2018-0014,"6.296897392","124.1641273"
05-778,Reunion,NA,"999","1977","43002",Saint-Benoit,"1",Saint-Benoit,NA,NA,Sainte Rose,"0",NA,volcanic activity,1977-0058,"-21.09632941","55.64932172"
05-793,Solomon Islands,NA,"999","1971","43039",Temotu,"1",Temotu,NA,NA,Santa Cruz,"0",NA,volcanic activity,1971-0008,"-10.93971307","166.2482549"
05-889,Trinidad And Tobago,TRI,"52","1997","43548",Princes Town,"1",Princes Town,NA,NA,Piparo,"0",NA,volcanic activity,1997-0031,"10.20283638","-61.29599109"
05-905,United States,USA,"2","1980","43603",Washington,"1",Washington,NA,NA,Washington state,"0",NA,volcanic activity,1980-0047,"47.38228784","-120.4410727"
05-920,United States,USA,"2","2018","43679",Hawaii,"1",Hawaii,NA,NA,Hawaï,"0",NA,volcanic activity,2018-0146,"20.2484486","-156.3488107"
05-925,Vanuatu,NA,"999","2001","43701",Malampa,"1",Malampa,NA,NA,Malampa province,"0",NA,volcanic activity,2001-0254,"-16.26677253","167.6443179"
05-926,Vanuatu,NA,"999","2005","43702",Penama,"1",Penama,NA,NA,Penama province,"0",NA,volcanic activity,2005-0664,"-15.47799271","168.0539135"
05-928,Vanuatu,NA,"999","2008","43705",Malampa,"1",Malampa,NA,NA,Ambrym island ,"0",NA,volcanic activity,2008-0659,"-16.26677253","167.6443179"
05-929,Vanuatu,NA,"999","2009","43706",Torba,"1",Torba,NA,NA,Torba province,"0",NA,volcanic activity,2009-0553,"-13.90339136","167.3873746"
05-930,Vanuatu,NA,"999","2017","43707",Penama,"1",Penama,NA,NA,Ambae,"0",NA,volcanic activity,2017-0394,"-15.47799271","168.0539135"
05-931,Vanuatu,NA,"999","2018","43708",Malampa,"1",Malampa,NA,NA,Malampa province,"0",NA,volcanic activity,2018-0456,"-16.26677253","167.6443179"
05-684,Papua New Guinea,AUL,"900","1960","45243",Bogia,"2",Madang,Bogia,NA,Manam,"1",Australia,volcanic activity,1960-0011,"-4.383451711","144.922859"
